<?xml version="1.0" encoding="utf-8" ?>
<configuration>
    <log4net>
        <appender name="FileAppender" type="log4net.Appender.FileAppender">
            <appendToFile value="true"/>
            <lockingModel type="log4net.Appender.FileAppender+MinimalLock" />
            <param name="Encoding" value="utf-8" />
            <layout type="log4net.Layout.PatternLayout">
                <conversionPattern value="%date &#91;%-5level&#93; &#91;%logger&#93; &#91;%username&#93; - %message%newline"/>
            </layout>
        </appender>
        <root>
            <level value="ALL"/>
            <appender-ref ref="FileAppender"/>
        </root>
    </log4net>
</configuration>